id;first_name;last_name;middle_name;email;date_of_birth;gender;registeration_date;telephone;mobile
1;Toy;Cole;Licensed Steel Shirt Orchard Games;Esteban.Hane@gmail.com;2021-02-20;FEMALE;2021-02-20;852-052-4871 x9174;Shirt
2;Anne;Haley;Future internet solution program;Haven37@gmail.com;2021-02-21;MALE;2021-02-20;1-032-821-9432;Reduced
3;Vito;Lynch;Refined Metal Soap;Cayla51@yahoo.com;2021-02-20;OTHER;2021-02-20;1-522-709-2314;calculate Licensed Port
4;Thomas;Tromp;Specialist array Specialist;Eleazar_Turner35@hotmail.com;2021-02-20;OTHER;2021-02-20;1-320-044-5724 x19226;Pines Iowa impactful
5;Kevon;Medhurst;Branding withdrawal Sausages;Kirsten.Torphy@hotmail.com;2021-02-20;FEMALE;2021-02-20;825.350.0333;unleash Creek
6;Mariah;Jenkins;Directives withdrawal;Jamison53@yahoo.com;2021-02-20;OTHER;2021-02-20;543-144-2491 x291;Berkshire
7;Shania;Veum;ivory Colorado;Adelle_Rau81@hotmail.com;2021-02-20;MALE;2021-02-20;(900) 237-0458 x4999;New Hampshire Zambian Kwacha Borders
8;Vernon;Kris;EXE;Hank_Jenkins48@hotmail.com;2021-02-20;MALE;2021-02-20;151-622-0914 x6373;bi-directional
9;Chaz;Bernier;integrate Cambridgeshire;Furman_Wisoky9@yahoo.com;2021-02-20;OTHER;2021-02-20;974.257.8280 x349;Canadian Dollar Brazilian Real
10;Sincere;Goyette;feed invoice;Vida.Flatley@yahoo.com;2021-02-20;OTHER;2021-02-21;(795) 081-8802 x3359;Executive European Unit of Account 9(E.U.A.-9)
