id;first_name;last_name;middle_name;email;date_of_birth;gender;registeration_date;telephone;mobile;thumbnail_photo_url;full_photo_url;id_number
1;Ricardo;Kuphal;indigo;Nicklaus.Morar37@gmail.com;2021-02-20;MALE;2021-02-21;(195) 272-4809 x697;connect Refined;Avon Shoes Bedfordshire;partnerships rich Iowa;66410
2;Tressie;McGlynn;virtual Shoes;Oscar.Marquardt32@yahoo.com;2021-02-20;OTHER;2021-02-20;1-253-890-8068 x0549;Uganda Accounts;Electronics invoice;Soft;78819
3;Lorna;Reinger;Practical solution-oriented;Marcus1@hotmail.com;2021-02-20;FEMALE;2021-02-20;709.991.6126 x48437;generating focus group;deposit indexing clear-thinking;Keyboard;97690
4;Emiliano;Kuvalis;experiences Central;Nina46@gmail.com;2021-02-20;OTHER;2021-02-21;1-838-526-2798;Operative Supervisor Buckinghamshire;PCI Platinum;RAM Ukraine;24657
5;Retta;Kassulke;Ferry Distributed Grass-roots;Nellie_Cummerata@hotmail.com;2021-02-21;FEMALE;2021-02-20;290-046-0287 x605;Kids;redundant transmitter;Direct;3464
6;Sincere;Feil;Global 24/7 Road;Jennie86@gmail.com;2021-02-20;FEMALE;2021-02-20;695-606-5069;systems Home;invoice;Bulgaria;62374
7;Malinda;Moore;asynchronous Zambian Kwacha Technician;Orin.Kling@hotmail.com;2021-02-20;OTHER;2021-02-20;1-223-918-1249 x37672;Washington;Awesome;Checking Account Iceland;61956
8;Angie;Walker;Baby Frozen;Maggie.Fay@hotmail.com;2021-02-21;FEMALE;2021-02-20;077-200-9425 x101;Sleek Concrete Car Parkways;Vermont;Latvian Lats Chips;48924
9;Cassie;Schowalter;Small;Braulio_Herman37@hotmail.com;2021-02-20;FEMALE;2021-02-20;(118) 825-2672;vortals;Communications Home Loan Account payment;Handcrafted Wooden Shirt California bypassing;8895
10;Andres;Funk;Idaho;Raven93@hotmail.com;2021-02-21;OTHER;2021-02-20;1-754-056-3971 x973;Generic Rubber Shirt Norfolk Island;compressing overriding Rubber;Arkansas Creative;74269
