id;first_name;last_name;middle_name;email;date_of_birth;gender;registeration_date;telephone;mobile;full_photo_url;active;key;about;portfolia;info;info_content_type;leave_date;is_showing_home;image;image_content_type
1;Manuel;Brekke;Buckinghamshire withdrawal;Stewart20@hotmail.com;2021-02-21;OTHER;2021-02-20;1-177-108-8659 x0284;invoice Computers;azure;true;Tools;../fake-data/blob/hipster.txt;../fake-data/blob/hipster.txt;../fake-data/blob/hipster.png;image/png;2021-02-20;true;../fake-data/blob/hipster.png;image/png
2;Chasity;Streich;e-business;Branson.Hintz@hotmail.com;2021-02-20;MALE;2021-02-21;142-917-9603;Pass;Connecticut;false;Berkshire;../fake-data/blob/hipster.txt;../fake-data/blob/hipster.txt;../fake-data/blob/hipster.png;image/png;2021-02-20;true;../fake-data/blob/hipster.png;image/png
3;Francis;Fadel;infomediaries withdrawal withdrawal;Lolita.Sipes@yahoo.com;2021-02-20;FEMALE;2021-02-20;782.609.1544;Rufiyaa Soft Savings Account;Investor;false;Automotive Vista Isle;../fake-data/blob/hipster.txt;../fake-data/blob/hipster.txt;../fake-data/blob/hipster.png;image/png;2021-02-20;false;../fake-data/blob/hipster.png;image/png
4;Isai;Vandervort;Fish;Zachary_Windler@hotmail.com;2021-02-20;OTHER;2021-02-20;804.521.6492;matrix purple;Supervisor array;false;sensor New Jersey;../fake-data/blob/hipster.txt;../fake-data/blob/hipster.txt;../fake-data/blob/hipster.png;image/png;2021-02-20;true;../fake-data/blob/hipster.png;image/png
5;Dessie;Rau;cross-platform Senior;Rashawn.Barrows@gmail.com;2021-02-20;FEMALE;2021-02-20;1-095-452-8666;Borders Gabon;Licensed payment;true;compress;../fake-data/blob/hipster.txt;../fake-data/blob/hipster.txt;../fake-data/blob/hipster.png;image/png;2021-02-20;true;../fake-data/blob/hipster.png;image/png
6;Karson;Larson;24/7 Brunei Dollar;Eddie_Farrell41@yahoo.com;2021-02-21;MALE;2021-02-20;1-684-920-6707 x52910;calculate Fish;Checking Account;true;Handmade Wooden Sausages;../fake-data/blob/hipster.txt;../fake-data/blob/hipster.txt;../fake-data/blob/hipster.png;image/png;2021-02-20;true;../fake-data/blob/hipster.png;image/png
7;Harvey;Feest;stable Keyboard web-readiness;Dahlia82@yahoo.com;2021-02-21;OTHER;2021-02-20;045.463.6965 x5956;Sleek;Avon firewall optimize;false;black Bedfordshire Wooden;../fake-data/blob/hipster.txt;../fake-data/blob/hipster.txt;../fake-data/blob/hipster.png;image/png;2021-02-21;false;../fake-data/blob/hipster.png;image/png
8;Queenie;Ferry;Iranian Rial compress;Christelle0@yahoo.com;2021-02-20;OTHER;2021-02-20;030-325-4573;extend;transmitting;true;Canada;../fake-data/blob/hipster.txt;../fake-data/blob/hipster.txt;../fake-data/blob/hipster.png;image/png;2021-02-20;false;../fake-data/blob/hipster.png;image/png
9;Catalina;Schroeder;Assistant Heights Analyst;Kirsten25@gmail.com;2021-02-20;FEMALE;2021-02-20;016.856.6956;Sausages Mobility;lavender Refined Steel Gloves withdrawal;false;CSS;../fake-data/blob/hipster.txt;../fake-data/blob/hipster.txt;../fake-data/blob/hipster.png;image/png;2021-02-20;false;../fake-data/blob/hipster.png;image/png
10;Howell;Schmidt;Philippine Peso Car;Vivien.Hartmann27@hotmail.com;2021-02-21;MALE;2021-02-20;299.867.2832;panel redundant;Wooden;true;SSL copying;../fake-data/blob/hipster.txt;../fake-data/blob/hipster.txt;../fake-data/blob/hipster.png;image/png;2021-02-20;false;../fake-data/blob/hipster.png;image/png
